Product ID,Image Url
1135220,http://img1.banggood.com/images/oaupload/banggood/images/60/24/5e59229a-c8ec-4f86-b66f-3bcb719f30da.jpg
1135220,http://img1.banggood.com/images/oaupload/banggood/images/79/3D/4b74d004-7915-4733-9b40-cfde4945663d.jpg
1135220,http://img2.banggood.com/images/oaupload/banggood/images/25/46/f0aac9a9-3fd9-4bc6-a8eb-b84f2bd9fab6.jpg
1135220,http://img3.banggood.com/images/oaupload/banggood/images/C2/B3/7a3f4cf2-6111-4ad1-b28f-f7ad4184740d.jpg
1135219,http://img.banggood.com/images/oaupload/banggood/images/2D/27/33fff31e-9476-4fc5-9650-2abaffdedf88.jpg
1135219,http://img1.banggood.com/images/oaupload/banggood/images/91/15/3357e75e-3342-41f4-bb32-63773ad2ae2d.jpg
1135219,http://img3.banggood.com/images/oaupload/banggood/images/B4/26/716d9a5f-a186-4a54-9b0d-6e2a40f8a0c7.jpg
1135219,http://img2.banggood.com/images/oaupload/banggood/images/32/E1/27ecb047-09ab-47a6-b480-9c6f51fbf282.jpg
1135219,http://img1.banggood.com/images/oaupload/banggood/images/1C/8A/9c3815e3-b306-4ca0-97d5-24221c799d74.jpg
1135219,http://img1.banggood.com/images/oaupload/banggood/images/44/3A/ea8ba0f0-4fb0-4b2f-a5dc-86512f10733e.jpg
1135219,http://img2.banggood.com/images/oaupload/banggood/images/34/C0/dd770a2e-65c7-4b83-9a66-f955d1ba3cfb.jpg
1135219,http://img2.banggood.com/images/oaupload/banggood/images/13/22/817f060d-fbb2-439d-837c-fbb4ce61c0b9.jpg
1135219,http://img2.banggood.com/images/oaupload/banggood/images/C1/A0/b9669a2a-e772-4ae5-b909-975a42c25992.jpg
1135104,http://img1.banggood.com/images/oaupload/banggood/images/3B/7C/6c5376c0-c5f3-4295-8ebf-9f724f115ec9.jpg
1135104,http://img.banggood.com/images/oaupload/banggood/images/2F/2F/942a5f0f-4d37-4249-b8ff-21f69c54bc24.jpg
1135104,http://img.banggood.com/images/oaupload/banggood/images/EF/9E/a0024561-8153-4fb7-83f3-021fa196b6d9.jpg
1135104,http://img.banggood.com/images/oaupload/banggood/images/E7/A2/265cd9e6-9345-420a-b056-27a31e017ba2.jpg
1135104,http://img2.banggood.com/images/oaupload/banggood/images/B1/94/0dd074a6-108b-4a4e-98f1-18a28ec627a2.jpg
1135104,http://img3.banggood.com/images/oaupload/banggood/images/5C/F3/e6bf4da4-b252-404d-8ba3-6bd770ab8d67.jpg
1135104,http://img3.banggood.com/images/oaupload/banggood/images/C9/9B/fca580d2-23a8-4b32-a41f-9a0547bb6def.jpg
1135101,http://img3.banggood.com/images/oaupload/banggood/images/90/8E/8e118bff-7971-456c-977a-95e59026a3de.jpg
1135101,http://img.banggood.com/images/oaupload/banggood/images/0F/29/a9959922-0c45-42b6-9ff8-e333b47c4e26.jpg
1135101,http://img2.banggood.com/images/oaupload/banggood/images/DF/1C/5a67fca2-fa49-4a9a-8f40-3981bec1fe92.jpg
1135101,http://img2.banggood.com/images/oaupload/banggood/images/3B/50/63bdee93-f781-4c92-b546-504f0472f6a3.jpg
1135101,http://img2.banggood.com/images/oaupload/banggood/images/72/EF/54b0b237-6cd9-4d50-9280-936ee4adccff.jpg
1135101,http://img.banggood.com/images/oaupload/banggood/images/97/6C/42ad5d3f-721c-44d1-ac6f-07ed034fa488.jpg
1135101,http://img.banggood.com/images/oaupload/banggood/images/80/9D/d09d669e-e7aa-4ec5-b716-f09511da8836.jpg
1135100,http://img1.banggood.com/images/oaupload/banggood/images/10/6F/4363af60-279a-401e-ac03-1de0de8d6c6a.jpg
1135100,http://img.banggood.com/images/oaupload/banggood/images/F9/98/7107a4b8-8f33-4e4e-ac9b-2ccb184b82a3.jpg
1135100,http://img3.banggood.com/images/oaupload/banggood/images/FD/F4/6f59f789-8141-400c-a1b3-df30df2e82a5.jpg
1135100,http://img1.banggood.com/images/oaupload/banggood/images/72/4A/e4099d8c-b2dc-41b6-b44c-907a9d91e26a.jpg
1135100,http://img2.banggood.com/images/oaupload/banggood/images/F8/2C/69b2510c-1958-4ceb-91dd-31fff0c98d46.jpg
1135100,http://img2.banggood.com/images/oaupload/banggood/images/F4/53/d6d50c2a-7b4e-4d24-a249-7dde5459dd55.jpg
1135100,http://img1.banggood.com/images/oaupload/banggood/images/BB/C6/8de5777e-54ae-44fe-b7a1-4ae462e9cc40.jpg
1135028,http://img2.banggood.com/images/oaupload/banggood/images/6F/19/810f53dd-2d24-4050-87b6-2548b306f336.jpg
1135028,http://img2.banggood.com/images/oaupload/banggood/images/45/CE/96b747fa-931a-4e58-bd2b-6f71bed33519.jpg
1135028,http://img1.banggood.com/images/oaupload/banggood/images/12/A3/f9685604-a54e-4cff-b97a-5ac9f904aacd.jpg
1135027,http://img1.banggood.com/images/oaupload/banggood/images/B1/AD/294c8119-54a2-4c09-8aea-67073b604ece.jpg
1135027,http://img2.banggood.com/images/oaupload/banggood/images/00/F0/149a7038-16fa-40d8-941a-9993c2392c44.jpg
1135027,http://img2.banggood.com/images/oaupload/banggood/images/3C/AD/c29ff90d-80e8-4aa2-9766-c7c465667545.jpg
1135027,http://img2.banggood.com/images/oaupload/banggood/images/0B/1D/7d995588-68f8-4b82-8618-177595f986b6.jpg
1135027,http://img1.banggood.com/images/oaupload/banggood/images/D1/07/825abd47-6439-4455-9f78-2f60e4980bde.jpg
1135027,http://img1.banggood.com/images/oaupload/banggood/images/3A/A2/5a66c7c7-b555-4df8-9147-03e6817744ed.jpg
1135027,http://img2.banggood.com/images/oaupload/banggood/images/EC/E1/6cbf6a91-c7cc-4d13-9322-1e0d4c0d301e.jpg
1135027,http://img.banggood.com/images/oaupload/banggood/images/3E/0A/030551a6-6cfe-4f30-963f-ac031464e181.jpg
1135027,http://img.banggood.com/images/oaupload/banggood/images/B1/AD/294c8119-54a2-4c09-8aea-67073b604ece.jpg
1135020,http://img3.banggood.com/images/oaupload/banggood/images/6A/91/d4b7020d-489b-45bf-a8d3-530178929560.jpg
1135020,http://img.banggood.com/images/oaupload/banggood/images/60/16/7d79575e-0f80-4301-9768-7074cad4e084.jpg
1135020,http://img.banggood.com/images/oaupload/banggood/images/9C/D7/2f8d0b32-40c7-41fc-99f4-d92edc8416dc.jpg
1135020,http://img3.banggood.com/images/oaupload/banggood/images/34/E4/7f06e99d-89d3-4707-a0a1-6ee07d8973ca.jpg
1135020,http://img.banggood.com/images/oaupload/banggood/images/C8/82/dd95a8f4-0dc2-4dfb-b1bf-9f4028dfed4c.jpg
1135020,http://img3.banggood.com/images/oaupload/banggood/images/26/12/55bed06a-6213-4078-b7f0-bd692088b0cf.jpg
1134993,http://img2.banggood.com/images/oaupload/banggood/images/6F/E7/b13e8c89-4a89-449d-8148-aeef42669687.JPG
1134993,http://img.banggood.com/images/oaupload/banggood/images/77/4F/75050715-dff3-45af-8644-ec0b0b0f372b.JPG
1134993,http://img1.banggood.com/images/oaupload/banggood/images/9C/60/0efa3921-5d27-4bd2-8d72-a5315203818b.JPG
1134993,http://img2.banggood.com/images/oaupload/banggood/images/4F/D9/40408fde-649f-40f7-97a7-9042a4f31d50.JPG
1134993,http://img.banggood.com/images/oaupload/banggood/images/89/32/ad1f2963-eeae-4c69-aa84-50ff14fb9b06.JPG
1134993,http://img2.banggood.com/images/oaupload/banggood/images/20/55/04489acf-3cf1-461d-ac93-94f1895df9ee.JPG
1134993,http://img.banggood.com/images/oaupload/banggood/images/9B/97/7dde3bb5-1193-414f-b676-ff68b37dd98b.JPG
1134993,http://img2.banggood.com/images/oaupload/banggood/images/EA/A8/fae7d7a7-165f-4a66-b871-03fca9a8be9b.JPG
1134989,http://img1.banggood.com/images/oaupload/banggood/images/25/B8/aee840c9-846f-43c3-8433-e0897b557607.JPG
1134989,http://img1.banggood.com/images/oaupload/banggood/images/EB/83/7024fb8d-177d-4fb5-9449-7b8efc948b04.JPG
1134989,http://img.banggood.com/images/oaupload/banggood/images/C9/A6/9f514da7-e6f9-4b9c-bd50-d3440a904740.jpg
1134989,http://img2.banggood.com/images/oaupload/banggood/images/73/F8/80021a06-cec9-436a-a3a7-73bbf200294d.jpg
1134989,http://img.banggood.com/images/oaupload/banggood/images/26/2B/ad4534ba-532b-443c-b08e-d76f169b467d.JPG
1134989,http://img3.banggood.com/images/oaupload/banggood/images/48/05/2ccb4900-52fd-4677-a90a-e747c5b838ab.JPG
1134989,http://img.banggood.com/images/oaupload/banggood/images/89/C1/c1c105d0-95a7-437f-9f9e-0263176cb0e2.JPG
1134989,http://img1.banggood.com/images/oaupload/banggood/images/78/64/950ea2bf-6111-49ff-a670-14e6d73cec0a.jpg
1134989,http://img3.banggood.com/images/oaupload/banggood/images/1D/3D/9f2678ba-4817-40ba-8055-416dfcfb476b.jpg
1134989,http://img3.banggood.com/images/oaupload/banggood/images/08/CB/995ec48c-ca81-4f05-910c-b936892ff72d.JPG
1134989,http://img.banggood.com/images/oaupload/banggood/images/2C/6F/68ca5644-ee75-4a83-9383-7ca42f829b3e.jpg
1134989,http://img.banggood.com/images/oaupload/banggood/images/07/4A/c6a0c530-0591-415a-ad5a-2b4722d6480c.jpg
1134959,http://img1.banggood.com/images/oaupload/banggood/images/EF/C5/9973c3a4-104d-4910-adf7-ff26c68447ed.jpg
1134959,http://img1.banggood.com/images/oaupload/banggood/images/AA/2D/f953629d-1d72-4f83-a2e9-2ba7e3bc5b94.jpg
1134959,http://img2.banggood.com/images/oaupload/banggood/images/43/8A/fde4ab1d-288e-4280-a135-e75b2470cec7.jpg
1134959,http://img.banggood.com/images/oaupload/banggood/images/93/C7/86a65377-c46a-492b-b1de-7249a44c810b.jpg
1134959,http://img2.banggood.com/images/oaupload/banggood/images/7D/DE/254afa77-87e1-4e10-bead-7c25bb54f2ea.jpg
1134959,http://img.banggood.com/images/oaupload/banggood/images/10/C8/2546ad3e-230f-4192-80ef-105aec716d14.jpg
1134955,http://img1.banggood.com/images/oaupload/banggood/images/16/94/87087453-1e92-4a75-a13e-38f438c240f0.jpg
1134955,http://img3.banggood.com/images/oaupload/banggood/images/40/E9/5e030534-c383-431d-8d94-87c1b28bfbb8.jpg
1134955,http://img2.banggood.com/images/oaupload/banggood/images/B0/D9/fe7af2d2-0344-4386-a47f-310bdff9f971.jpg
1134955,http://img.banggood.com/images/oaupload/banggood/images/6F/79/6838ef86-d87f-4a59-bb6b-61222de3ec99.jpg
1134955,http://img.banggood.com/images/oaupload/banggood/images/F5/64/0d43bee6-2996-45ea-84a8-739a9f7c02c3.jpg
1134955,http://img2.banggood.com/images/oaupload/banggood/images/A2/82/8475fcd2-87c0-48d2-a7ea-f411c673b29d.jpg
1134955,http://img2.banggood.com/images/oaupload/banggood/images/FE/10/c0fde19c-6cbf-44d9-bb33-87698c4763c0.jpg
1134955,http://img3.banggood.com/images/oaupload/banggood/images/4E/27/7b4f164c-c89b-4378-bb07-ca8c242741ac.jpg
1134956,http://img1.banggood.com/images/oaupload/banggood/images/EA/96/1d731cd4-0712-4dbd-9149-0633ff49c042.jpg
1134956,http://img1.banggood.com/images/oaupload/banggood/images/50/B7/a82d5590-5926-40ba-98f4-bd94d8f07e3a.jpg
1134956,http://img1.banggood.com/images/oaupload/banggood/images/53/B4/80ef8c92-0d96-40de-ad35-47b157080e69.jpg
1134956,http://img2.banggood.com/images/oaupload/banggood/images/88/F0/28a22e23-92ad-408e-84bf-981ea490c38a.jpg
1134956,http://img.banggood.com/images/oaupload/banggood/images/22/2A/dc8ded99-f21b-4ddd-8b57-95952834eb7a.jpg
1134923,http://img.banggood.com/images/oaupload/banggood/images/12/34/ea96f756-9f12-4512-aa9b-553cd6974b0e.jpg
1134923,http://img3.banggood.com/images/oaupload/banggood/images/8B/54/8122c4f6-696f-4027-b1e7-5360018cc451.jpg
1134923,http://img1.banggood.com/images/oaupload/banggood/images/40/EE/2293aea9-9338-4e04-a906-29566f4210e7.jpg
1134923,http://img2.banggood.com/images/oaupload/banggood/images/61/BB/523b5be5-3e95-4f3e-a785-c27971465c68.jpg
1134923,http://img2.banggood.com/images/oaupload/banggood/images/E0/A5/cc1e5e88-c678-4e67-b1a2-2038183932ad.jpg
1134923,http://img.banggood.com/images/oaupload/banggood/images/30/1B/fc14e32e-7f7f-436e-a0e0-f86fbfff389d.jpg
1134855,http://img2.banggood.com/images/oaupload/banggood/images/8A/64/e3ebf595-c6c2-41f4-821c-53da23daeceb.jpg
1134855,http://img.banggood.com/images/oaupload/banggood/images/10/64/80d3c29e-4803-4b42-a227-694499661cfa.jpg
1134855,http://img3.banggood.com/images/oaupload/banggood/images/D5/BB/84c07da7-7080-48a1-bbf9-ec7cd5f1868a.jpg
1134855,http://img3.banggood.com/images/oaupload/banggood/images/FB/DF/2c393f8f-f5d0-4e8a-a6c5-ba6720be3258.jpg
1134855,http://img3.banggood.com/images/oaupload/banggood/images/28/E7/43262301-520b-4d5b-aeca-1ece8eb1c68a.jpg
1134855,http://img1.banggood.com/images/oaupload/banggood/images/C6/4C/29d892c4-2f70-45ff-aa7c-838de7f2e51f.jpg
1134855,http://img1.banggood.com/images/oaupload/banggood/images/99/01/2e8d9b82-cce7-4eae-b025-857d3e1351c6.jpg
1134855,http://img3.banggood.com/images/oaupload/banggood/images/0A/58/c818ba00-0e3e-4b5d-a381-1069e9560710.jpg
1134855,http://img.banggood.com/images/oaupload/banggood/images/EA/7C/e704cf57-8aa5-4e05-b66e-a6683076b0e2.jpg
1134855,http://img1.banggood.com/images/oaupload/banggood/images/28/E7/43262301-520b-4d5b-aeca-1ece8eb1c68a.jpg
1134855,http://img.banggood.com/images/oaupload/banggood/images/FB/DF/2c393f8f-f5d0-4e8a-a6c5-ba6720be3258.jpg
1134776,http://img1.banggood.com/images/oaupload/banggood/images/B4/CD/c9fb7504-69bd-4bc1-ba1a-11d72a6e46d1.jpg
1134776,http://img.banggood.com/images/oaupload/banggood/images/C4/F6/9b1c004e-b943-439c-aab0-4ca6c662b219.jpg
1134776,http://img3.banggood.com/images/oaupload/banggood/images/26/C2/1b20ebf5-9b85-4768-8328-43230b791f27.jpg
1134776,http://img.banggood.com/images/oaupload/banggood/images/45/8B/75969a20-04bd-4b80-a926-f06965279e8f.jpg
1134776,http://img.banggood.com/images/oaupload/banggood/images/25/F1/0ff1a771-2fdf-43c9-993a-e1659097bf63.jpg
1134776,http://img3.banggood.com/images/oaupload/banggood/images/33/94/cc547924-6244-4886-a48e-92612d6c5b9e.jpg
1134776,http://img1.banggood.com/images/oaupload/banggood/images/37/38/964c1f99-6a05-43e0-be5e-1a0143e45b4e.jpg
1134776,http://img3.banggood.com/images/oaupload/banggood/images/67/2F/f3238aa9-0f7a-46f7-9661-fc3b7541946f.jpg
1134776,http://img.banggood.com/images/oaupload/banggood/images/96/B0/981464d3-34e2-46b8-92f8-e73cf2890643.jpg
1134776,http://img3.banggood.com/images/oaupload/banggood/images/47/B9/777d352e-5db4-4b18-92e4-34b6a8410e79.jpg
1134776,http://img.banggood.com/images/oaupload/banggood/images/53/1B/5b35c974-6000-4b7b-a7bf-34130e7305df.jpg
1134776,http://img1.banggood.com/images/oaupload/banggood/images/3D/7A/1c6a1c1c-0a96-4128-b2ed-045ec3b6291b.jpg
